{
  "hash": "737bb3af",
  "configHash": "26a24e23",
  "lockfileHash": "681035f3",
  "browserHash": "addbdc9a",
  "optimized": {
    "@angular/cdk/drag-drop": {
      "src": "../../../../../node_modules/@angular/cdk/fesm2022/drag-drop.mjs",
      "file": "@angular_cdk_drag-drop.js",
      "fileHash": "8df2a6f9",
      "needsInterop": false
    },
    "@angular/common": {
      "src": "../../../../../node_modules/@angular/common/fesm2022/common.mjs",
      "file": "@angular_common.js",
      "fileHash": "c412e55a",
      "needsInterop": false
    },
    "@angular/common/http": {
      "src": "../../../../../node_modules/@angular/common/fesm2022/http.mjs",
      "file": "@angular_common_http.js",
      "fileHash": "78f69c93",
      "needsInterop": false
    },
    "@angular/core": {
      "src": "../../../../../node_modules/@angular/core/fesm2022/core.mjs",
      "file": "@angular_core.js",
      "fileHash": "f9731296",
      "needsInterop": false
    },
    "@angular/forms": {
      "src": "../../../../../node_modules/@angular/forms/fesm2022/forms.mjs",
      "file": "@angular_forms.js",
      "fileHash": "95d20c8d",
      "needsInterop": false
    },
    "@angular/material/button": {
      "src": "../../../../../node_modules/@angular/material/fesm2022/button.mjs",
      "file": "@angular_material_button.js",
      "fileHash": "66eeb0d8",
      "needsInterop": false
    },
    "@angular/material/card": {
      "src": "../../../../../node_modules/@angular/material/fesm2022/card.mjs",
      "file": "@angular_material_card.js",
      "fileHash": "bb66e644",
      "needsInterop": false
    },
    "@angular/material/core": {
      "src": "../../../../../node_modules/@angular/material/fesm2022/core.mjs",
      "file": "@angular_material_core.js",
      "fileHash": "79355ab7",
      "needsInterop": false
    },
    "@angular/material/datepicker": {
      "src": "../../../../../node_modules/@angular/material/fesm2022/datepicker.mjs",
      "file": "@angular_material_datepicker.js",
      "fileHash": "df4a019e",
      "needsInterop": false
    },
    "@angular/material/dialog": {
      "src": "../../../../../node_modules/@angular/material/fesm2022/dialog.mjs",
      "file": "@angular_material_dialog.js",
      "fileHash": "32168d21",
      "needsInterop": false
    },
    "@angular/material/expansion": {
      "src": "../../../../../node_modules/@angular/material/fesm2022/expansion.mjs",
      "file": "@angular_material_expansion.js",
      "fileHash": "a16d7a95",
      "needsInterop": false
    },
    "@angular/material/form-field": {
      "src": "../../../../../node_modules/@angular/material/fesm2022/form-field.mjs",
      "file": "@angular_material_form-field.js",
      "fileHash": "1b36b5b5",
      "needsInterop": false
    },
    "@angular/material/icon": {
      "src": "../../../../../node_modules/@angular/material/fesm2022/icon.mjs",
      "file": "@angular_material_icon.js",
      "fileHash": "cc73854b",
      "needsInterop": false
    },
    "@angular/material/input": {
      "src": "../../../../../node_modules/@angular/material/fesm2022/input.mjs",
      "file": "@angular_material_input.js",
      "fileHash": "b78e1eeb",
      "needsInterop": false
    },
    "@angular/material/list": {
      "src": "../../../../../node_modules/@angular/material/fesm2022/list.mjs",
      "file": "@angular_material_list.js",
      "fileHash": "3e008df7",
      "needsInterop": false
    },
    "@angular/material/menu": {
      "src": "../../../../../node_modules/@angular/material/fesm2022/menu.mjs",
      "file": "@angular_material_menu.js",
      "fileHash": "19016caa",
      "needsInterop": false
    },
    "@angular/material/paginator": {
      "src": "../../../../../node_modules/@angular/material/fesm2022/paginator.mjs",
      "file": "@angular_material_paginator.js",
      "fileHash": "16d7adcd",
      "needsInterop": false
    },
    "@angular/material/select": {
      "src": "../../../../../node_modules/@angular/material/fesm2022/select.mjs",
      "file": "@angular_material_select.js",
      "fileHash": "e65a5d6e",
      "needsInterop": false
    },
    "@angular/material/sidenav": {
      "src": "../../../../../node_modules/@angular/material/fesm2022/sidenav.mjs",
      "file": "@angular_material_sidenav.js",
      "fileHash": "e9b78f42",
      "needsInterop": false
    },
    "@angular/material/slider": {
      "src": "../../../../../node_modules/@angular/material/fesm2022/slider.mjs",
      "file": "@angular_material_slider.js",
      "fileHash": "b44805e8",
      "needsInterop": false
    },
    "@angular/material/sort": {
      "src": "../../../../../node_modules/@angular/material/fesm2022/sort.mjs",
      "file": "@angular_material_sort.js",
      "fileHash": "e4263373",
      "needsInterop": false
    },
    "@angular/material/table": {
      "src": "../../../../../node_modules/@angular/material/fesm2022/table.mjs",
      "file": "@angular_material_table.js",
      "fileHash": "233564fd",
      "needsInterop": false
    },
    "@angular/material/tabs": {
      "src": "../../../../../node_modules/@angular/material/fesm2022/tabs.mjs",
      "file": "@angular_material_tabs.js",
      "fileHash": "832daa6f",
      "needsInterop": false
    },
    "@angular/material/tooltip": {
      "src": "../../../../../node_modules/@angular/material/fesm2022/tooltip.mjs",
      "file": "@angular_material_tooltip.js",
      "fileHash": "ac6c2eb3",
      "needsInterop": false
    },
    "@angular/platform-browser": {
      "src": "../../../../../node_modules/@angular/platform-browser/fesm2022/platform-browser.mjs",
      "file": "@angular_platform-browser.js",
      "fileHash": "94680755",
      "needsInterop": false
    },
    "@angular/platform-browser/animations/async": {
      "src": "../../../../../node_modules/@angular/platform-browser/fesm2022/animations/async.mjs",
      "file": "@angular_platform-browser_animations_async.js",
      "fileHash": "efeee753",
      "needsInterop": false
    },
    "@angular/router": {
      "src": "../../../../../node_modules/@angular/router/fesm2022/router.mjs",
      "file": "@angular_router.js",
      "fileHash": "b47c77d7",
      "needsInterop": false
    },
    "@fortawesome/angular-fontawesome": {
      "src": "../../../../../node_modules/@fortawesome/angular-fontawesome/fesm2022/angular-fontawesome.mjs",
      "file": "@fortawesome_angular-fontawesome.js",
      "fileHash": "31c76233",
      "needsInterop": false
    },
    "@kolkov/angular-editor": {
      "src": "../../../../../node_modules/@kolkov/angular-editor/fesm2020/kolkov-angular-editor.mjs",
      "file": "@kolkov_angular-editor.js",
      "fileHash": "5c40541a",
      "needsInterop": false
    },
    "d3": {
      "src": "../../../../../node_modules/d3/src/index.js",
      "file": "d3.js",
      "fileHash": "7aac1e25",
      "needsInterop": false
    },
    "lodash": {
      "src": "../../../../../node_modules/lodash/lodash.js",
      "file": "lodash.js",
      "fileHash": "31616ff3",
      "needsInterop": true
    },
    "rxjs": {
      "src": "../../../../../node_modules/rxjs/dist/esm5/index.js",
      "file": "rxjs.js",
      "fileHash": "84553265",
      "needsInterop": false
    },
    "rxjs/operators": {
      "src": "../../../../../node_modules/rxjs/dist/esm5/operators/index.js",
      "file": "rxjs_operators.js",
      "fileHash": "9ee1f370",
      "needsInterop": false
    }
  },
  "chunks": {
    "browser-XZVO2WJK": {
      "file": "browser-XZVO2WJK.js"
    },
    "chunk-ZYM2KQQO": {
      "file": "chunk-ZYM2KQQO.js"
    },
    "chunk-RW75Z6DU": {
      "file": "chunk-RW75Z6DU.js"
    },
    "chunk-6G2GBFMD": {
      "file": "chunk-6G2GBFMD.js"
    },
    "chunk-6HUTUR6A": {
      "file": "chunk-6HUTUR6A.js"
    },
    "chunk-WZGOEWH4": {
      "file": "chunk-WZGOEWH4.js"
    },
    "chunk-H72BQUOP": {
      "file": "chunk-H72BQUOP.js"
    },
    "chunk-TC7NMPIH": {
      "file": "chunk-TC7NMPIH.js"
    },
    "chunk-4RFWVXZH": {
      "file": "chunk-4RFWVXZH.js"
    },
    "chunk-6C5ZZ2PW": {
      "file": "chunk-6C5ZZ2PW.js"
    },
    "chunk-IYTRRUXI": {
      "file": "chunk-IYTRRUXI.js"
    },
    "chunk-7Z3TWEEX": {
      "file": "chunk-7Z3TWEEX.js"
    },
    "chunk-VLINDW5S": {
      "file": "chunk-VLINDW5S.js"
    },
    "chunk-GQRFE32U": {
      "file": "chunk-GQRFE32U.js"
    },
    "chunk-JGBBQFOS": {
      "file": "chunk-JGBBQFOS.js"
    },
    "chunk-7DTHLVVY": {
      "file": "chunk-7DTHLVVY.js"
    },
    "chunk-EUALND64": {
      "file": "chunk-EUALND64.js"
    },
    "chunk-GEELG5XN": {
      "file": "chunk-GEELG5XN.js"
    },
    "chunk-664N5FMB": {
      "file": "chunk-664N5FMB.js"
    },
    "chunk-JND6LT5A": {
      "file": "chunk-JND6LT5A.js"
    },
    "chunk-532FTKWE": {
      "file": "chunk-532FTKWE.js"
    },
    "chunk-YBO3JQB4": {
      "file": "chunk-YBO3JQB4.js"
    }
  }
}